outcome,variable,p-value
HADS-A>7,Age,0.015866156685639034
HADS-A>7,HADS-A>7,0.6518249052316458
HADS-A>7,HADS-D>7,0.7275654249998198
HADS-D>7,Age,0.21673813060338248
HADS-D>7,HADS-A>7,0.7999864485256414
HADS-D>7,HADS-D>7,0.9187467878680634
